engine,circuit,source_sha256,qubits,gates,reduction_max_nodes,repeat,process_wall_seconds,simulation_seconds,peak_rss_bytes,coto_structural_bytes,timeout_seconds,memory_limit_bytes,status,error
aer,contrived/separable_n10,c8ea6a9f87c73a16efa25b0557bd39e4d1cd5528e71c995b029f5a2f499a668c,10,20,,0,0.374304,0.032189541998377535,107700224,,10.0,4294967296,ok,
aer,contrived/separable_n10,c8ea6a9f87c73a16efa25b0557bd39e4d1cd5528e71c995b029f5a2f499a668c,10,20,,1,0.380675,0.027601721994869877,107646976,,10.0,4294967296,ok,
aer,contrived/separable_n10,c8ea6a9f87c73a16efa25b0557bd39e4d1cd5528e71c995b029f5a2f499a668c,10,20,,2,0.369804,0.02729183000337798,107827200,,10.0,4294967296,ok,
mqt_ddsim,contrived/separable_n10,c8ea6a9f87c73a16efa25b0557bd39e4d1cd5528e71c995b029f5a2f499a668c,10,20,,0,0.396542,0.04562411300139502,128176128,,10.0,4294967296,ok,
mqt_ddsim,contrived/separable_n10,c8ea6a9f87c73a16efa25b0557bd39e4d1cd5528e71c995b029f5a2f499a668c,10,20,,1,0.383202,0.0506061240012059,128425984,,10.0,4294967296,ok,
mqt_ddsim,contrived/separable_n10,c8ea6a9f87c73a16efa25b0557bd39e4d1cd5528e71c995b029f5a2f499a668c,10,20,,2,0.391557,0.04899017599382205,128122880,,10.0,4294967296,ok,
coto,contrived/separable_n10,c8ea6a9f87c73a16efa25b0557bd39e4d1cd5528e71c995b029f5a2f499a668c,10,20,exact,0,0.007323,,4612096,2208,10.0,4294967296,ok,
coto,contrived/separable_n10,c8ea6a9f87c73a16efa25b0557bd39e4d1cd5528e71c995b029f5a2f499a668c,10,20,exact,1,0.005199,,4718592,2208,10.0,4294967296,ok,
coto,contrived/separable_n10,c8ea6a9f87c73a16efa25b0557bd39e4d1cd5528e71c995b029f5a2f499a668c,10,20,exact,2,0.007554,,4673536,2208,10.0,4294967296,ok,
coto,contrived/separable_n10,c8ea6a9f87c73a16efa25b0557bd39e4d1cd5528e71c995b029f5a2f499a668c,10,20,1,0,0.005726,,4722688,2208,10.0,4294967296,ok,
coto,contrived/separable_n10,c8ea6a9f87c73a16efa25b0557bd39e4d1cd5528e71c995b029f5a2f499a668c,10,20,1,1,0.005977,,4567040,2208,10.0,4294967296,ok,
coto,contrived/separable_n10,c8ea6a9f87c73a16efa25b0557bd39e4d1cd5528e71c995b029f5a2f499a668c,10,20,1,2,0.008265,,4628480,2208,10.0,4294967296,ok,
coto,contrived/separable_n10,c8ea6a9f87c73a16efa25b0557bd39e4d1cd5528e71c995b029f5a2f499a668c,10,20,4,0,0.005643,,4567040,2208,10.0,4294967296,ok,
coto,contrived/separable_n10,c8ea6a9f87c73a16efa25b0557bd39e4d1cd5528e71c995b029f5a2f499a668c,10,20,4,1,0.006642,,4567040,2208,10.0,4294967296,ok,
coto,contrived/separable_n10,c8ea6a9f87c73a16efa25b0557bd39e4d1cd5528e71c995b029f5a2f499a668c,10,20,4,2,0.005244,,4677632,2208,10.0,4294967296,ok,
coto,contrived/separable_n10,c8ea6a9f87c73a16efa25b0557bd39e4d1cd5528e71c995b029f5a2f499a668c,10,20,16,0,0.008359,,4567040,2208,10.0,4294967296,ok,
coto,contrived/separable_n10,c8ea6a9f87c73a16efa25b0557bd39e4d1cd5528e71c995b029f5a2f499a668c,10,20,16,1,0.006438,,4710400,2208,10.0,4294967296,ok,
coto,contrived/separable_n10,c8ea6a9f87c73a16efa25b0557bd39e4d1cd5528e71c995b029f5a2f499a668c,10,20,16,2,0.005762,,4546560,2208,10.0,4294967296,ok,
aer,contrived/separable_n20,b8884e15286344957a9fdfd9a51d3fdfc93a71b5e1d05e7aad552a68641fdde9,20,40,,0,0.396829,0.04870403099630494,124235776,,10.0,4294967296,ok,
aer,contrived/separable_n20,b8884e15286344957a9fdfd9a51d3fdfc93a71b5e1d05e7aad552a68641fdde9,20,40,,1,0.472858,0.09319068599870661,124608512,,10.0,4294967296,ok,
aer,contrived/separable_n20,b8884e15286344957a9fdfd9a51d3fdfc93a71b5e1d05e7aad552a68641fdde9,20,40,,2,0.392802,0.04013867500179913,124657664,,10.0,4294967296,ok,
mqt_ddsim,contrived/separable_n20,b8884e15286344957a9fdfd9a51d3fdfc93a71b5e1d05e7aad552a68641fdde9,20,40,,0,0.375156,0.0472044400012237,128561152,,10.0,4294967296,ok,
mqt_ddsim,contrived/separable_n20,b8884e15286344957a9fdfd9a51d3fdfc93a71b5e1d05e7aad552a68641fdde9,20,40,,1,0.384048,0.048458253004355356,128385024,,10.0,4294967296,ok,
mqt_ddsim,contrived/separable_n20,b8884e15286344957a9fdfd9a51d3fdfc93a71b5e1d05e7aad552a68641fdde9,20,40,,2,0.375515,0.04876933200284839,128630784,,10.0,4294967296,ok,
coto,contrived/separable_n20,b8884e15286344957a9fdfd9a51d3fdfc93a71b5e1d05e7aad552a68641fdde9,20,40,exact,0,0.007757,,4739072,4288,10.0,4294967296,ok,
coto,contrived/separable_n20,b8884e15286344957a9fdfd9a51d3fdfc93a71b5e1d05e7aad552a68641fdde9,20,40,exact,1,0.005851,,4644864,4288,10.0,4294967296,ok,
coto,contrived/separable_n20,b8884e15286344957a9fdfd9a51d3fdfc93a71b5e1d05e7aad552a68641fdde9,20,40,exact,2,0.008898,,4743168,4288,10.0,4294967296,ok,
coto,contrived/separable_n20,b8884e15286344957a9fdfd9a51d3fdfc93a71b5e1d05e7aad552a68641fdde9,20,40,1,0,0.005989,,4698112,4288,10.0,4294967296,ok,
coto,contrived/separable_n20,b8884e15286344957a9fdfd9a51d3fdfc93a71b5e1d05e7aad552a68641fdde9,20,40,1,1,0.009024,,4689920,4288,10.0,4294967296,ok,
coto,contrived/separable_n20,b8884e15286344957a9fdfd9a51d3fdfc93a71b5e1d05e7aad552a68641fdde9,20,40,1,2,0.007074,,4567040,4288,10.0,4294967296,ok,
coto,contrived/separable_n20,b8884e15286344957a9fdfd9a51d3fdfc93a71b5e1d05e7aad552a68641fdde9,20,40,4,0,0.008467,,4624384,4288,10.0,4294967296,ok,
coto,contrived/separable_n20,b8884e15286344957a9fdfd9a51d3fdfc93a71b5e1d05e7aad552a68641fdde9,20,40,4,1,0.006591,,4562944,4288,10.0,4294967296,ok,
coto,contrived/separable_n20,b8884e15286344957a9fdfd9a51d3fdfc93a71b5e1d05e7aad552a68641fdde9,20,40,4,2,0.009975,,4493312,4288,10.0,4294967296,ok,
coto,contrived/separable_n20,b8884e15286344957a9fdfd9a51d3fdfc93a71b5e1d05e7aad552a68641fdde9,20,40,16,0,0.006533,,4612096,4288,10.0,4294967296,ok,
coto,contrived/separable_n20,b8884e15286344957a9fdfd9a51d3fdfc93a71b5e1d05e7aad552a68641fdde9,20,40,16,1,0.007874,,4485120,4288,10.0,4294967296,ok,
coto,contrived/separable_n20,b8884e15286344957a9fdfd9a51d3fdfc93a71b5e1d05e7aad552a68641fdde9,20,40,16,2,0.006761,,4567040,4288,10.0,4294967296,ok,
aer,contrived/separable_n30,2e0bd9a4ff5a2c4c7fdf77485742bab67fb6d20f59e3169c338a40f826011519,30,60,,0,0.367522,,108134400,,10.0,4294967296,memory_limit,ERROR:  [Experiment 0] Cannot allocate memory by posix_memalign
aer,contrived/separable_n30,2e0bd9a4ff5a2c4c7fdf77485742bab67fb6d20f59e3169c338a40f826011519,30,60,,1,0.368424,,108175360,,10.0,4294967296,memory_limit,ERROR:  [Experiment 0] Cannot allocate memory by posix_memalign
aer,contrived/separable_n30,2e0bd9a4ff5a2c4c7fdf77485742bab67fb6d20f59e3169c338a40f826011519,30,60,,2,0.374393,,108126208,,10.0,4294967296,memory_limit,ERROR:  [Experiment 0] Cannot allocate memory by posix_memalign
mqt_ddsim,contrived/separable_n30,2e0bd9a4ff5a2c4c7fdf77485742bab67fb6d20f59e3169c338a40f826011519,30,60,,0,0.394303,0.04893318200629437,128958464,,10.0,4294967296,ok,
mqt_ddsim,contrived/separable_n30,2e0bd9a4ff5a2c4c7fdf77485742bab67fb6d20f59e3169c338a40f826011519,30,60,,1,0.382323,0.04786815200350247,128438272,,10.0,4294967296,ok,
mqt_ddsim,contrived/separable_n30,2e0bd9a4ff5a2c4c7fdf77485742bab67fb6d20f59e3169c338a40f826011519,30,60,,2,0.379707,0.045081502001266927,128536576,,10.0,4294967296,ok,
coto,contrived/separable_n30,2e0bd9a4ff5a2c4c7fdf77485742bab67fb6d20f59e3169c338a40f826011519,30,60,exact,0,0.006865,,4833280,6368,10.0,4294967296,ok,
coto,contrived/separable_n30,2e0bd9a4ff5a2c4c7fdf77485742bab67fb6d20f59e3169c338a40f826011519,30,60,exact,1,0.007384,,4808704,6368,10.0,4294967296,ok,
coto,contrived/separable_n30,2e0bd9a4ff5a2c4c7fdf77485742bab67fb6d20f59e3169c338a40f826011519,30,60,exact,2,0.006740,,4894720,6368,10.0,4294967296,ok,
coto,contrived/separable_n30,2e0bd9a4ff5a2c4c7fdf77485742bab67fb6d20f59e3169c338a40f826011519,30,60,1,0,0.007881,,4841472,6368,10.0,4294967296,ok,
coto,contrived/separable_n30,2e0bd9a4ff5a2c4c7fdf77485742bab67fb6d20f59e3169c338a40f826011519,30,60,1,1,0.009945,,4767744,6368,10.0,4294967296,ok,
coto,contrived/separable_n30,2e0bd9a4ff5a2c4c7fdf77485742bab67fb6d20f59e3169c338a40f826011519,30,60,1,2,0.009857,,4599808,6368,10.0,4294967296,ok,
coto,contrived/separable_n30,2e0bd9a4ff5a2c4c7fdf77485742bab67fb6d20f59e3169c338a40f826011519,30,60,4,0,0.007828,,4698112,6368,10.0,4294967296,ok,
coto,contrived/separable_n30,2e0bd9a4ff5a2c4c7fdf77485742bab67fb6d20f59e3169c338a40f826011519,30,60,4,1,0.008729,,4812800,6368,10.0,4294967296,ok,
coto,contrived/separable_n30,2e0bd9a4ff5a2c4c7fdf77485742bab67fb6d20f59e3169c338a40f826011519,30,60,4,2,0.006803,,4857856,6368,10.0,4294967296,ok,
coto,contrived/separable_n30,2e0bd9a4ff5a2c4c7fdf77485742bab67fb6d20f59e3169c338a40f826011519,30,60,16,0,0.009880,,4673536,6368,10.0,4294967296,ok,
coto,contrived/separable_n30,2e0bd9a4ff5a2c4c7fdf77485742bab67fb6d20f59e3169c338a40f826011519,30,60,16,1,0.008087,,4698112,6368,10.0,4294967296,ok,
coto,contrived/separable_n30,2e0bd9a4ff5a2c4c7fdf77485742bab67fb6d20f59e3169c338a40f826011519,30,60,16,2,0.008631,,4648960,6368,10.0,4294967296,ok,
aer,contrived/separable_n40,23553bd8b990fec02c8b2965699ed0a940af6385a99d40aaf4fb5220acbe2a32,40,80,,0,0.377123,,108187648,,10.0,4294967296,memory_limit,"ERROR:  [Experiment 0] Insufficient memory to run circuit circuit-41 using the statevector simulator. Required memory: 16777216M, max memory: 27823M"
aer,contrived/separable_n40,23553bd8b990fec02c8b2965699ed0a940af6385a99d40aaf4fb5220acbe2a32,40,80,,1,0.380921,,107773952,,10.0,4294967296,memory_limit,"ERROR:  [Experiment 0] Insufficient memory to run circuit circuit-41 using the statevector simulator. Required memory: 16777216M, max memory: 27823M"
aer,contrived/separable_n40,23553bd8b990fec02c8b2965699ed0a940af6385a99d40aaf4fb5220acbe2a32,40,80,,2,0.366051,,107724800,,10.0,4294967296,memory_limit,"ERROR:  [Experiment 0] Insufficient memory to run circuit circuit-41 using the statevector simulator. Required memory: 16777216M, max memory: 27823M"
mqt_ddsim,contrived/separable_n40,23553bd8b990fec02c8b2965699ed0a940af6385a99d40aaf4fb5220acbe2a32,40,80,,0,0.384530,0.049817736995464657,132632576,,10.0,4294967296,ok,
mqt_ddsim,contrived/separable_n40,23553bd8b990fec02c8b2965699ed0a940af6385a99d40aaf4fb5220acbe2a32,40,80,,1,0.379792,0.049792801997682545,132878336,,10.0,4294967296,ok,
mqt_ddsim,contrived/separable_n40,23553bd8b990fec02c8b2965699ed0a940af6385a99d40aaf4fb5220acbe2a32,40,80,,2,0.382701,0.05038171500200406,132775936,,10.0,4294967296,ok,
coto,contrived/separable_n40,23553bd8b990fec02c8b2965699ed0a940af6385a99d40aaf4fb5220acbe2a32,40,80,exact,0,0.007813,,4775936,8448,10.0,4294967296,ok,
coto,contrived/separable_n40,23553bd8b990fec02c8b2965699ed0a940af6385a99d40aaf4fb5220acbe2a32,40,80,exact,1,0.006523,,4837376,8448,10.0,4294967296,ok,
coto,contrived/separable_n40,23553bd8b990fec02c8b2965699ed0a940af6385a99d40aaf4fb5220acbe2a32,40,80,exact,2,0.006776,,4775936,8448,10.0,4294967296,ok,
coto,contrived/separable_n40,23553bd8b990fec02c8b2965699ed0a940af6385a99d40aaf4fb5220acbe2a32,40,80,1,0,0.009610,,4841472,8448,10.0,4294967296,ok,
coto,contrived/separable_n40,23553bd8b990fec02c8b2965699ed0a940af6385a99d40aaf4fb5220acbe2a32,40,80,1,1,0.011291,,4739072,8448,10.0,4294967296,ok,
coto,contrived/separable_n40,23553bd8b990fec02c8b2965699ed0a940af6385a99d40aaf4fb5220acbe2a32,40,80,1,2,0.012213,,4595712,8448,10.0,4294967296,ok,
coto,contrived/separable_n40,23553bd8b990fec02c8b2965699ed0a940af6385a99d40aaf4fb5220acbe2a32,40,80,4,0,0.009173,,4685824,8448,10.0,4294967296,ok,
coto,contrived/separable_n40,23553bd8b990fec02c8b2965699ed0a940af6385a99d40aaf4fb5220acbe2a32,40,80,4,1,0.010367,,4739072,8448,10.0,4294967296,ok,
coto,contrived/separable_n40,23553bd8b990fec02c8b2965699ed0a940af6385a99d40aaf4fb5220acbe2a32,40,80,4,2,0.012032,,4698112,8448,10.0,4294967296,ok,
coto,contrived/separable_n40,23553bd8b990fec02c8b2965699ed0a940af6385a99d40aaf4fb5220acbe2a32,40,80,16,0,0.010057,,4870144,8448,10.0,4294967296,ok,
coto,contrived/separable_n40,23553bd8b990fec02c8b2965699ed0a940af6385a99d40aaf4fb5220acbe2a32,40,80,16,1,0.010139,,4812800,8448,10.0,4294967296,ok,
coto,contrived/separable_n40,23553bd8b990fec02c8b2965699ed0a940af6385a99d40aaf4fb5220acbe2a32,40,80,16,2,0.011510,,4640768,8448,10.0,4294967296,ok,
aer,contrived/separable_n50,3340ba3caac07e716dcf9e5ee30140960454bb68d9329da4b6878c28dc04a006,50,100,,0,0.388756,,109989888,,10.0,4294967296,memory_limit,"ERROR:  [Experiment 0] Insufficient memory to run circuit circuit-41 using the statevector simulator. Required memory: 17179869184M, max memory: 27823M"
aer,contrived/separable_n50,3340ba3caac07e716dcf9e5ee30140960454bb68d9329da4b6878c28dc04a006,50,100,,1,0.371941,,110202880,,10.0,4294967296,memory_limit,"ERROR:  [Experiment 0] Insufficient memory to run circuit circuit-41 using the statevector simulator. Required memory: 17179869184M, max memory: 27823M"
aer,contrived/separable_n50,3340ba3caac07e716dcf9e5ee30140960454bb68d9329da4b6878c28dc04a006,50,100,,2,0.372091,,110059520,,10.0,4294967296,memory_limit,"ERROR:  [Experiment 0] Insufficient memory to run circuit circuit-41 using the statevector simulator. Required memory: 17179869184M, max memory: 27823M"
mqt_ddsim,contrived/separable_n50,3340ba3caac07e716dcf9e5ee30140960454bb68d9329da4b6878c28dc04a006,50,100,,0,0.451157,0.051174847001675516,139657216,,10.0,4294967296,ok,
mqt_ddsim,contrived/separable_n50,3340ba3caac07e716dcf9e5ee30140960454bb68d9329da4b6878c28dc04a006,50,100,,1,0.387311,0.052060588997846935,140070912,,10.0,4294967296,ok,
mqt_ddsim,contrived/separable_n50,3340ba3caac07e716dcf9e5ee30140960454bb68d9329da4b6878c28dc04a006,50,100,,2,0.400794,0.052466654997260775,140189696,,10.0,4294967296,ok,
coto,contrived/separable_n50,3340ba3caac07e716dcf9e5ee30140960454bb68d9329da4b6878c28dc04a006,50,100,exact,0,0.008576,,4710400,10528,10.0,4294967296,ok,
coto,contrived/separable_n50,3340ba3caac07e716dcf9e5ee30140960454bb68d9329da4b6878c28dc04a006,50,100,exact,1,0.009691,,4698112,10528,10.0,4294967296,ok,
coto,contrived/separable_n50,3340ba3caac07e716dcf9e5ee30140960454bb68d9329da4b6878c28dc04a006,50,100,exact,2,0.007291,,4804608,10528,10.0,4294967296,ok,
coto,contrived/separable_n50,3340ba3caac07e716dcf9e5ee30140960454bb68d9329da4b6878c28dc04a006,50,100,1,0,0.013809,,4874240,10528,10.0,4294967296,ok,
coto,contrived/separable_n50,3340ba3caac07e716dcf9e5ee30140960454bb68d9329da4b6878c28dc04a006,50,100,1,1,0.015607,,4784128,10528,10.0,4294967296,ok,
coto,contrived/separable_n50,3340ba3caac07e716dcf9e5ee30140960454bb68d9329da4b6878c28dc04a006,50,100,1,2,0.013456,,4874240,10528,10.0,4294967296,ok,
coto,contrived/separable_n50,3340ba3caac07e716dcf9e5ee30140960454bb68d9329da4b6878c28dc04a006,50,100,4,0,0.012267,,4763648,10528,10.0,4294967296,ok,
coto,contrived/separable_n50,3340ba3caac07e716dcf9e5ee30140960454bb68d9329da4b6878c28dc04a006,50,100,4,1,0.016486,,4730880,10528,10.0,4294967296,ok,
coto,contrived/separable_n50,3340ba3caac07e716dcf9e5ee30140960454bb68d9329da4b6878c28dc04a006,50,100,4,2,0.013720,,4657152,10528,10.0,4294967296,ok,
coto,contrived/separable_n50,3340ba3caac07e716dcf9e5ee30140960454bb68d9329da4b6878c28dc04a006,50,100,16,0,0.013940,,4665344,10528,10.0,4294967296,ok,
coto,contrived/separable_n50,3340ba3caac07e716dcf9e5ee30140960454bb68d9329da4b6878c28dc04a006,50,100,16,1,0.014750,,4841472,10528,10.0,4294967296,ok,
coto,contrived/separable_n50,3340ba3caac07e716dcf9e5ee30140960454bb68d9329da4b6878c28dc04a006,50,100,16,2,0.014037,,4616192,10528,10.0,4294967296,ok,
aer,contrived/separable_n60,02093bec0c0390bad558eb9292352c71466e3c2d00486493aea2bba60315d25b,60,120,,0,0.382959,,109957120,,10.0,4294967296,memory_limit,"ERROR:  [Experiment 0] Insufficient memory to run circuit circuit-41 using the statevector simulator. Required memory: 17592186044416M, max memory: 27823M"
aer,contrived/separable_n60,02093bec0c0390bad558eb9292352c71466e3c2d00486493aea2bba60315d25b,60,120,,1,0.362716,,110202880,,10.0,4294967296,memory_limit,"ERROR:  [Experiment 0] Insufficient memory to run circuit circuit-41 using the statevector simulator. Required memory: 17592186044416M, max memory: 27823M"
aer,contrived/separable_n60,02093bec0c0390bad558eb9292352c71466e3c2d00486493aea2bba60315d25b,60,120,,2,0.369336,,110280704,,10.0,4294967296,memory_limit,"ERROR:  [Experiment 0] Insufficient memory to run circuit circuit-41 using the statevector simulator. Required memory: 17592186044416M, max memory: 27823M"
mqt_ddsim,contrived/separable_n60,02093bec0c0390bad558eb9292352c71466e3c2d00486493aea2bba60315d25b,60,120,,0,0.410514,0.0554848299943842,145494016,,10.0,4294967296,ok,
mqt_ddsim,contrived/separable_n60,02093bec0c0390bad558eb9292352c71466e3c2d00486493aea2bba60315d25b,60,120,,1,0.379847,0.05958940900018206,145543168,,10.0,4294967296,ok,
mqt_ddsim,contrived/separable_n60,02093bec0c0390bad558eb9292352c71466e3c2d00486493aea2bba60315d25b,60,120,,2,0.431965,0.05981856200378388,145571840,,10.0,4294967296,ok,
coto,contrived/separable_n60,02093bec0c0390bad558eb9292352c71466e3c2d00486493aea2bba60315d25b,60,120,exact,0,0.009538,,4624384,12608,10.0,4294967296,ok,
coto,contrived/separable_n60,02093bec0c0390bad558eb9292352c71466e3c2d00486493aea2bba60315d25b,60,120,exact,1,0.007662,,4698112,12608,10.0,4294967296,ok,
coto,contrived/separable_n60,02093bec0c0390bad558eb9292352c71466e3c2d00486493aea2bba60315d25b,60,120,exact,2,0.008527,,4808704,12608,10.0,4294967296,ok,
coto,contrived/separable_n60,02093bec0c0390bad558eb9292352c71466e3c2d00486493aea2bba60315d25b,60,120,1,0,0.017698,,4689920,12608,10.0,4294967296,ok,
coto,contrived/separable_n60,02093bec0c0390bad558eb9292352c71466e3c2d00486493aea2bba60315d25b,60,120,1,1,0.017452,,4595712,12608,10.0,4294967296,ok,
coto,contrived/separable_n60,02093bec0c0390bad558eb9292352c71466e3c2d00486493aea2bba60315d25b,60,120,1,2,0.018962,,4743168,12608,10.0,4294967296,ok,
coto,contrived/separable_n60,02093bec0c0390bad558eb9292352c71466e3c2d00486493aea2bba60315d25b,60,120,4,0,0.019073,,4780032,12608,10.0,4294967296,ok,
coto,contrived/separable_n60,02093bec0c0390bad558eb9292352c71466e3c2d00486493aea2bba60315d25b,60,120,4,1,0.019592,,4677632,12608,10.0,4294967296,ok,
coto,contrived/separable_n60,02093bec0c0390bad558eb9292352c71466e3c2d00486493aea2bba60315d25b,60,120,4,2,0.017568,,4620288,12608,10.0,4294967296,ok,
coto,contrived/separable_n60,02093bec0c0390bad558eb9292352c71466e3c2d00486493aea2bba60315d25b,60,120,16,0,0.017551,,4485120,12608,10.0,4294967296,ok,
coto,contrived/separable_n60,02093bec0c0390bad558eb9292352c71466e3c2d00486493aea2bba60315d25b,60,120,16,1,0.017914,,4538368,12608,10.0,4294967296,ok,
coto,contrived/separable_n60,02093bec0c0390bad558eb9292352c71466e3c2d00486493aea2bba60315d25b,60,120,16,2,0.018091,,4685824,12608,10.0,4294967296,ok,
aer,contrived/ghz_n10,333b239dcdd31b1e79d677f78794212098ff5070c48fea182cdbd7fa3843151b,10,10,,0,0.391091,0.027505543002916966,107819008,,10.0,4294967296,ok,
aer,contrived/ghz_n10,333b239dcdd31b1e79d677f78794212098ff5070c48fea182cdbd7fa3843151b,10,10,,1,0.369468,0.03076118500030134,107732992,,10.0,4294967296,ok,
aer,contrived/ghz_n10,333b239dcdd31b1e79d677f78794212098ff5070c48fea182cdbd7fa3843151b,10,10,,2,0.390512,0.033414854005968664,107847680,,10.0,4294967296,ok,
mqt_ddsim,contrived/ghz_n10,333b239dcdd31b1e79d677f78794212098ff5070c48fea182cdbd7fa3843151b,10,10,,0,0.406472,0.04725429999962216,128212992,,10.0,4294967296,ok,
mqt_ddsim,contrived/ghz_n10,333b239dcdd31b1e79d677f78794212098ff5070c48fea182cdbd7fa3843151b,10,10,,1,0.367547,0.044646935995842796,128475136,,10.0,4294967296,ok,
mqt_ddsim,contrived/ghz_n10,333b239dcdd31b1e79d677f78794212098ff5070c48fea182cdbd7fa3843151b,10,10,,2,0.366796,0.042243793002853636,128278528,,10.0,4294967296,ok,
coto,contrived/ghz_n10,333b239dcdd31b1e79d677f78794212098ff5070c48fea182cdbd7fa3843151b,10,10,exact,0,0.006686,,4485120,3376,10.0,4294967296,ok,
coto,contrived/ghz_n10,333b239dcdd31b1e79d677f78794212098ff5070c48fea182cdbd7fa3843151b,10,10,exact,1,0.004895,,4374528,3376,10.0,4294967296,ok,
coto,contrived/ghz_n10,333b239dcdd31b1e79d677f78794212098ff5070c48fea182cdbd7fa3843151b,10,10,exact,2,0.007485,,4550656,3376,10.0,4294967296,ok,
coto,contrived/ghz_n10,333b239dcdd31b1e79d677f78794212098ff5070c48fea182cdbd7fa3843151b,10,10,1,0,0.005349,,4481024,2320,10.0,4294967296,ok,
coto,contrived/ghz_n10,333b239dcdd31b1e79d677f78794212098ff5070c48fea182cdbd7fa3843151b,10,10,1,1,0.007354,,4583424,2320,10.0,4294967296,ok,
coto,contrived/ghz_n10,333b239dcdd31b1e79d677f78794212098ff5070c48fea182cdbd7fa3843151b,10,10,1,2,0.005542,,4575232,2320,10.0,4294967296,ok,
coto,contrived/ghz_n10,333b239dcdd31b1e79d677f78794212098ff5070c48fea182cdbd7fa3843151b,10,10,4,0,0.006528,,4374528,3376,10.0,4294967296,ok,
coto,contrived/ghz_n10,333b239dcdd31b1e79d677f78794212098ff5070c48fea182cdbd7fa3843151b,10,10,4,1,0.007814,,4497408,3376,10.0,4294967296,ok,
coto,contrived/ghz_n10,333b239dcdd31b1e79d677f78794212098ff5070c48fea182cdbd7fa3843151b,10,10,4,2,0.006013,,4374528,3376,10.0,4294967296,ok,
coto,contrived/ghz_n10,333b239dcdd31b1e79d677f78794212098ff5070c48fea182cdbd7fa3843151b,10,10,16,0,0.008479,,4472832,3376,10.0,4294967296,ok,
coto,contrived/ghz_n10,333b239dcdd31b1e79d677f78794212098ff5070c48fea182cdbd7fa3843151b,10,10,16,1,0.005793,,4489216,3376,10.0,4294967296,ok,
coto,contrived/ghz_n10,333b239dcdd31b1e79d677f78794212098ff5070c48fea182cdbd7fa3843151b,10,10,16,2,0.008675,,4526080,3376,10.0,4294967296,ok,
aer,contrived/ghz_n20,17d47523e1912563279a5d3ea0c9045eb1484b745b24e957799d54fe2ca5903a,20,20,,0,0.479812,0.1136648790052277,124530688,,10.0,4294967296,ok,
aer,contrived/ghz_n20,17d47523e1912563279a5d3ea0c9045eb1484b745b24e957799d54fe2ca5903a,20,20,,1,0.464715,0.13461402100074338,124547072,,10.0,4294967296,ok,
aer,contrived/ghz_n20,17d47523e1912563279a5d3ea0c9045eb1484b745b24e957799d54fe2ca5903a,20,20,,2,0.450563,0.12005149199831067,124428288,,10.0,4294967296,ok,
mqt_ddsim,contrived/ghz_n20,17d47523e1912563279a5d3ea0c9045eb1484b745b24e957799d54fe2ca5903a,20,20,,0,0.372054,0.044863028000690974,128184320,,10.0,4294967296,ok,
mqt_ddsim,contrived/ghz_n20,17d47523e1912563279a5d3ea0c9045eb1484b745b24e957799d54fe2ca5903a,20,20,,1,0.378468,0.04907090400229208,128413696,,10.0,4294967296,ok,
mqt_ddsim,contrived/ghz_n20,17d47523e1912563279a5d3ea0c9045eb1484b745b24e957799d54fe2ca5903a,20,20,,2,0.377514,0.04646235299878754,128249856,,10.0,4294967296,ok,
coto,contrived/ghz_n20,17d47523e1912563279a5d3ea0c9045eb1484b745b24e957799d54fe2ca5903a,20,20,exact,0,0.008390,,4521984,6736,10.0,4294967296,ok,
coto,contrived/ghz_n20,17d47523e1912563279a5d3ea0c9045eb1484b745b24e957799d54fe2ca5903a,20,20,exact,1,0.006017,,4526080,6736,10.0,4294967296,ok,
coto,contrived/ghz_n20,17d47523e1912563279a5d3ea0c9045eb1484b745b24e957799d54fe2ca5903a,20,20,exact,2,0.007636,,4497408,6736,10.0,4294967296,ok,
coto,contrived/ghz_n20,17d47523e1912563279a5d3ea0c9045eb1484b745b24e957799d54fe2ca5903a,20,20,1,0,0.005583,,4546560,4336,10.0,4294967296,ok,
coto,contrived/ghz_n20,17d47523e1912563279a5d3ea0c9045eb1484b745b24e957799d54fe2ca5903a,20,20,1,1,0.007811,,4550656,4336,10.0,4294967296,ok,
coto,contrived/ghz_n20,17d47523e1912563279a5d3ea0c9045eb1484b745b24e957799d54fe2ca5903a,20,20,1,2,0.006315,,4546560,4336,10.0,4294967296,ok,
coto,contrived/ghz_n20,17d47523e1912563279a5d3ea0c9045eb1484b745b24e957799d54fe2ca5903a,20,20,4,0,0.009081,,4460544,6736,10.0,4294967296,ok,
coto,contrived/ghz_n20,17d47523e1912563279a5d3ea0c9045eb1484b745b24e957799d54fe2ca5903a,20,20,4,1,0.006522,,4530176,6736,10.0,4294967296,ok,
coto,contrived/ghz_n20,17d47523e1912563279a5d3ea0c9045eb1484b745b24e957799d54fe2ca5903a,20,20,4,2,0.007440,,4157440,6736,10.0,4294967296,ok,
coto,contrived/ghz_n20,17d47523e1912563279a5d3ea0c9045eb1484b745b24e957799d54fe2ca5903a,20,20,16,0,0.006140,,4517888,6736,10.0,4294967296,ok,
coto,contrived/ghz_n20,17d47523e1912563279a5d3ea0c9045eb1484b745b24e957799d54fe2ca5903a,20,20,16,1,0.007257,,4534272,6736,10.0,4294967296,ok,
coto,contrived/ghz_n20,17d47523e1912563279a5d3ea0c9045eb1484b745b24e957799d54fe2ca5903a,20,20,16,2,0.006619,,4497408,6736,10.0,4294967296,ok,
aer,contrived/ghz_n30,200362a78a16122cc52a71c060b8cbe0192ca1bad89367d70bde0092c972dfe3,30,30,,0,0.380851,,108019712,,10.0,4294967296,memory_limit,ERROR:  [Experiment 0] Cannot allocate memory by posix_memalign
aer,contrived/ghz_n30,200362a78a16122cc52a71c060b8cbe0192ca1bad89367d70bde0092c972dfe3,30,30,,1,0.374083,,108126208,,10.0,4294967296,memory_limit,ERROR:  [Experiment 0] Cannot allocate memory by posix_memalign
aer,contrived/ghz_n30,200362a78a16122cc52a71c060b8cbe0192ca1bad89367d70bde0092c972dfe3,30,30,,2,0.371727,,108056576,,10.0,4294967296,memory_limit,ERROR:  [Experiment 0] Cannot allocate memory by posix_memalign
mqt_ddsim,contrived/ghz_n30,200362a78a16122cc52a71c060b8cbe0192ca1bad89367d70bde0092c972dfe3,30,30,,0,0.385997,0.046931344993936364,128188416,,10.0,4294967296,ok,
mqt_ddsim,contrived/ghz_n30,200362a78a16122cc52a71c060b8cbe0192ca1bad89367d70bde0092c972dfe3,30,30,,1,0.386582,0.046416045996011235,128573440,,10.0,4294967296,ok,
mqt_ddsim,contrived/ghz_n30,200362a78a16122cc52a71c060b8cbe0192ca1bad89367d70bde0092c972dfe3,30,30,,2,0.387789,0.04693253199366154,128417792,,10.0,4294967296,ok,
coto,contrived/ghz_n30,200362a78a16122cc52a71c060b8cbe0192ca1bad89367d70bde0092c972dfe3,30,30,exact,0,0.008308,,4464640,10096,10.0,4294967296,ok,
coto,contrived/ghz_n30,200362a78a16122cc52a71c060b8cbe0192ca1bad89367d70bde0092c972dfe3,30,30,exact,1,0.006673,,4501504,10096,10.0,4294967296,ok,
coto,contrived/ghz_n30,200362a78a16122cc52a71c060b8cbe0192ca1bad89367d70bde0092c972dfe3,30,30,exact,2,0.008470,,4640768,10096,10.0,4294967296,ok,
coto,contrived/ghz_n30,200362a78a16122cc52a71c060b8cbe0192ca1bad89367d70bde0092c972dfe3,30,30,1,0,0.007034,,4366336,6608,10.0,4294967296,ok,
coto,contrived/ghz_n30,200362a78a16122cc52a71c060b8cbe0192ca1bad89367d70bde0092c972dfe3,30,30,1,1,0.007922,,4567040,6608,10.0,4294967296,ok,
coto,contrived/ghz_n30,200362a78a16122cc52a71c060b8cbe0192ca1bad89367d70bde0092c972dfe3,30,30,1,2,0.006352,,4481024,6608,10.0,4294967296,ok,
coto,contrived/ghz_n30,200362a78a16122cc52a71c060b8cbe0192ca1bad89367d70bde0092c972dfe3,30,30,4,0,0.009629,,4624384,10096,10.0,4294967296,ok,
coto,contrived/ghz_n30,200362a78a16122cc52a71c060b8cbe0192ca1bad89367d70bde0092c972dfe3,30,30,4,1,0.007735,,4468736,10096,10.0,4294967296,ok,
coto,contrived/ghz_n30,200362a78a16122cc52a71c060b8cbe0192ca1bad89367d70bde0092c972dfe3,30,30,4,2,0.009969,,4374528,10096,10.0,4294967296,ok,
coto,contrived/ghz_n30,200362a78a16122cc52a71c060b8cbe0192ca1bad89367d70bde0092c972dfe3,30,30,16,0,0.007669,,4616192,10096,10.0,4294967296,ok,
coto,contrived/ghz_n30,200362a78a16122cc52a71c060b8cbe0192ca1bad89367d70bde0092c972dfe3,30,30,16,1,0.009076,,4587520,10096,10.0,4294967296,ok,
coto,contrived/ghz_n30,200362a78a16122cc52a71c060b8cbe0192ca1bad89367d70bde0092c972dfe3,30,30,16,2,0.007986,,4616192,10096,10.0,4294967296,ok,
aer,contrived/ghz_n40,a6c9558f2d684ea7109ab04fe56e48949eda655115b2ba094f61c7a2948799a5,40,40,,0,0.367827,,107692032,,10.0,4294967296,memory_limit,"ERROR:  [Experiment 0] Insufficient memory to run circuit circuit-41 using the statevector simulator. Required memory: 16777216M, max memory: 27823M"
aer,contrived/ghz_n40,a6c9558f2d684ea7109ab04fe56e48949eda655115b2ba094f61c7a2948799a5,40,40,,1,0.384962,,107565056,,10.0,4294967296,memory_limit,"ERROR:  [Experiment 0] Insufficient memory to run circuit circuit-41 using the statevector simulator. Required memory: 16777216M, max memory: 27823M"
aer,contrived/ghz_n40,a6c9558f2d684ea7109ab04fe56e48949eda655115b2ba094f61c7a2948799a5,40,40,,2,0.381402,,107679744,,10.0,4294967296,memory_limit,"ERROR:  [Experiment 0] Insufficient memory to run circuit circuit-41 using the statevector simulator. Required memory: 16777216M, max memory: 27823M"
mqt_ddsim,contrived/ghz_n40,a6c9558f2d684ea7109ab04fe56e48949eda655115b2ba094f61c7a2948799a5,40,40,,0,0.422227,0.04746445100317942,132866048,,10.0,4294967296,ok,
mqt_ddsim,contrived/ghz_n40,a6c9558f2d684ea7109ab04fe56e48949eda655115b2ba094f61c7a2948799a5,40,40,,1,0.415069,0.04902103300264571,132755456,,10.0,4294967296,ok,
mqt_ddsim,contrived/ghz_n40,a6c9558f2d684ea7109ab04fe56e48949eda655115b2ba094f61c7a2948799a5,40,40,,2,0.396798,0.050169174995971844,132837376,,10.0,4294967296,ok,
coto,contrived/ghz_n40,a6c9558f2d684ea7109ab04fe56e48949eda655115b2ba094f61c7a2948799a5,40,40,exact,0,0.007468,,4640768,13456,10.0,4294967296,ok,
coto,contrived/ghz_n40,a6c9558f2d684ea7109ab04fe56e48949eda655115b2ba094f61c7a2948799a5,40,40,exact,1,0.007759,,4317184,13456,10.0,4294967296,ok,
coto,contrived/ghz_n40,a6c9558f2d684ea7109ab04fe56e48949eda655115b2ba094f61c7a2948799a5,40,40,exact,2,0.005943,,4665344,13456,10.0,4294967296,ok,
coto,contrived/ghz_n40,a6c9558f2d684ea7109ab04fe56e48949eda655115b2ba094f61c7a2948799a5,40,40,1,0,0.009581,,4648960,8944,10.0,4294967296,ok,
coto,contrived/ghz_n40,a6c9558f2d684ea7109ab04fe56e48949eda655115b2ba094f61c7a2948799a5,40,40,1,1,0.006914,,4677632,8944,10.0,4294967296,ok,
coto,contrived/ghz_n40,a6c9558f2d684ea7109ab04fe56e48949eda655115b2ba094f61c7a2948799a5,40,40,1,2,0.009336,,4677632,8944,10.0,4294967296,ok,
coto,contrived/ghz_n40,a6c9558f2d684ea7109ab04fe56e48949eda655115b2ba094f61c7a2948799a5,40,40,4,0,0.009392,,4636672,13456,10.0,4294967296,ok,
coto,contrived/ghz_n40,a6c9558f2d684ea7109ab04fe56e48949eda655115b2ba094f61c7a2948799a5,40,40,4,1,0.009217,,4505600,13456,10.0,4294967296,ok,
coto,contrived/ghz_n40,a6c9558f2d684ea7109ab04fe56e48949eda655115b2ba094f61c7a2948799a5,40,40,4,2,0.008151,,4562944,13456,10.0,4294967296,ok,
coto,contrived/ghz_n40,a6c9558f2d684ea7109ab04fe56e48949eda655115b2ba094f61c7a2948799a5,40,40,16,0,0.009636,,4505600,13456,10.0,4294967296,ok,
coto,contrived/ghz_n40,a6c9558f2d684ea7109ab04fe56e48949eda655115b2ba094f61c7a2948799a5,40,40,16,1,0.009554,,4501504,13456,10.0,4294967296,ok,
coto,contrived/ghz_n40,a6c9558f2d684ea7109ab04fe56e48949eda655115b2ba094f61c7a2948799a5,40,40,16,2,0.008583,,4624384,13456,10.0,4294967296,ok,
aer,contrived/ghz_n50,00acaaab0542ce3a415fbb563b13557efa5e2ccde6a895edb14edf7f5946bda2,50,50,,0,0.371269,,108093440,,10.0,4294967296,memory_limit,"ERROR:  [Experiment 0] Insufficient memory to run circuit circuit-41 using the statevector simulator. Required memory: 17179869184M, max memory: 27823M"
aer,contrived/ghz_n50,00acaaab0542ce3a415fbb563b13557efa5e2ccde6a895edb14edf7f5946bda2,50,50,,1,0.414754,,108019712,,10.0,4294967296,memory_limit,"ERROR:  [Experiment 0] Insufficient memory to run circuit circuit-41 using the statevector simulator. Required memory: 17179869184M, max memory: 27823M"
aer,contrived/ghz_n50,00acaaab0542ce3a415fbb563b13557efa5e2ccde6a895edb14edf7f5946bda2,50,50,,2,0.371962,,107847680,,10.0,4294967296,memory_limit,"ERROR:  [Experiment 0] Insufficient memory to run circuit circuit-41 using the statevector simulator. Required memory: 17179869184M, max memory: 27823M"
mqt_ddsim,contrived/ghz_n50,00acaaab0542ce3a415fbb563b13557efa5e2ccde6a895edb14edf7f5946bda2,50,50,,0,0.474341,0.05391280600451864,137715712,,10.0,4294967296,ok,
mqt_ddsim,contrived/ghz_n50,00acaaab0542ce3a415fbb563b13557efa5e2ccde6a895edb14edf7f5946bda2,50,50,,1,0.417868,0.05541358199843671,137986048,,10.0,4294967296,ok,
mqt_ddsim,contrived/ghz_n50,00acaaab0542ce3a415fbb563b13557efa5e2ccde6a895edb14edf7f5946bda2,50,50,,2,0.419139,0.053764390002470464,137940992,,10.0,4294967296,ok,
coto,contrived/ghz_n50,00acaaab0542ce3a415fbb563b13557efa5e2ccde6a895edb14edf7f5946bda2,50,50,exact,0,0.007595,,4505600,16816,10.0,4294967296,ok,
coto,contrived/ghz_n50,00acaaab0542ce3a415fbb563b13557efa5e2ccde6a895edb14edf7f5946bda2,50,50,exact,1,0.008240,,4661248,16816,10.0,4294967296,ok,
coto,contrived/ghz_n50,00acaaab0542ce3a415fbb563b13557efa5e2ccde6a895edb14edf7f5946bda2,50,50,exact,2,0.005977,,4640768,16816,10.0,4294967296,ok,
coto,contrived/ghz_n50,00acaaab0542ce3a415fbb563b13557efa5e2ccde6a895edb14edf7f5946bda2,50,50,1,0,0.011595,,4653056,10640,10.0,4294967296,ok,
coto,contrived/ghz_n50,00acaaab0542ce3a415fbb563b13557efa5e2ccde6a895edb14edf7f5946bda2,50,50,1,1,0.008870,,4710400,10640,10.0,4294967296,ok,
coto,contrived/ghz_n50,00acaaab0542ce3a415fbb563b13557efa5e2ccde6a895edb14edf7f5946bda2,50,50,1,2,0.009484,,4710400,10640,10.0,4294967296,ok,
coto,contrived/ghz_n50,00acaaab0542ce3a415fbb563b13557efa5e2ccde6a895edb14edf7f5946bda2,50,50,4,0,0.014516,,4452352,16816,10.0,4294967296,ok,
coto,contrived/ghz_n50,00acaaab0542ce3a415fbb563b13557efa5e2ccde6a895edb14edf7f5946bda2,50,50,4,1,0.015281,,4644864,16816,10.0,4294967296,ok,
coto,contrived/ghz_n50,00acaaab0542ce3a415fbb563b13557efa5e2ccde6a895edb14edf7f5946bda2,50,50,4,2,0.014880,,4616192,16816,10.0,4294967296,ok,
coto,contrived/ghz_n50,00acaaab0542ce3a415fbb563b13557efa5e2ccde6a895edb14edf7f5946bda2,50,50,16,0,0.012310,,4407296,16816,10.0,4294967296,ok,
coto,contrived/ghz_n50,00acaaab0542ce3a415fbb563b13557efa5e2ccde6a895edb14edf7f5946bda2,50,50,16,1,0.013125,,4661248,16816,10.0,4294967296,ok,
coto,contrived/ghz_n50,00acaaab0542ce3a415fbb563b13557efa5e2ccde6a895edb14edf7f5946bda2,50,50,16,2,0.012339,,4595712,16816,10.0,4294967296,ok,
aer,contrived/ghz_n60,869d97aa91de98eed025fcd0126f775f6f87ef5210c5e1f11ecec171a3075a2d,60,60,,0,0.385742,,107614208,,10.0,4294967296,memory_limit,"ERROR:  [Experiment 0] Insufficient memory to run circuit circuit-41 using the statevector simulator. Required memory: 17592186044416M, max memory: 27823M"
aer,contrived/ghz_n60,869d97aa91de98eed025fcd0126f775f6f87ef5210c5e1f11ecec171a3075a2d,60,60,,1,0.373043,,107671552,,10.0,4294967296,memory_limit,"ERROR:  [Experiment 0] Insufficient memory to run circuit circuit-41 using the statevector simulator. Required memory: 17592186044416M, max memory: 27823M"
aer,contrived/ghz_n60,869d97aa91de98eed025fcd0126f775f6f87ef5210c5e1f11ecec171a3075a2d,60,60,,2,0.374330,,107675648,,10.0,4294967296,memory_limit,"ERROR:  [Experiment 0] Insufficient memory to run circuit circuit-41 using the statevector simulator. Required memory: 17592186044416M, max memory: 27823M"
mqt_ddsim,contrived/ghz_n60,869d97aa91de98eed025fcd0126f775f6f87ef5210c5e1f11ecec171a3075a2d,60,60,,0,0.418002,0.058741647997521795,143228928,,10.0,4294967296,ok,
mqt_ddsim,contrived/ghz_n60,869d97aa91de98eed025fcd0126f775f6f87ef5210c5e1f11ecec171a3075a2d,60,60,,1,0.381142,0.053932987997541204,143220736,,10.0,4294967296,ok,
mqt_ddsim,contrived/ghz_n60,869d97aa91de98eed025fcd0126f775f6f87ef5210c5e1f11ecec171a3075a2d,60,60,,2,0.375129,0.0526744239978143,143282176,,10.0,4294967296,ok,
coto,contrived/ghz_n60,869d97aa91de98eed025fcd0126f775f6f87ef5210c5e1f11ecec171a3075a2d,60,60,exact,0,0.009448,,4657152,20176,10.0,4294967296,ok,
coto,contrived/ghz_n60,869d97aa91de98eed025fcd0126f775f6f87ef5210c5e1f11ecec171a3075a2d,60,60,exact,1,0.007224,,4681728,20176,10.0,4294967296,ok,
coto,contrived/ghz_n60,869d97aa91de98eed025fcd0126f775f6f87ef5210c5e1f11ecec171a3075a2d,60,60,exact,2,0.009074,,4612096,20176,10.0,4294967296,ok,
coto,contrived/ghz_n60,869d97aa91de98eed025fcd0126f775f6f87ef5210c5e1f11ecec171a3075a2d,60,60,1,0,0.009608,,4689920,13104,10.0,4294967296,ok,
coto,contrived/ghz_n60,869d97aa91de98eed025fcd0126f775f6f87ef5210c5e1f11ecec171a3075a2d,60,60,1,1,0.011261,,4612096,13104,10.0,4294967296,ok,
coto,contrived/ghz_n60,869d97aa91de98eed025fcd0126f775f6f87ef5210c5e1f11ecec171a3075a2d,60,60,1,2,0.012171,,4595712,13104,10.0,4294967296,ok,
coto,contrived/ghz_n60,869d97aa91de98eed025fcd0126f775f6f87ef5210c5e1f11ecec171a3075a2d,60,60,4,0,0.015967,,4653056,20176,10.0,4294967296,ok,
coto,contrived/ghz_n60,869d97aa91de98eed025fcd0126f775f6f87ef5210c5e1f11ecec171a3075a2d,60,60,4,1,0.015595,,4571136,20176,10.0,4294967296,ok,
coto,contrived/ghz_n60,869d97aa91de98eed025fcd0126f775f6f87ef5210c5e1f11ecec171a3075a2d,60,60,4,2,0.015934,,4644864,20176,10.0,4294967296,ok,
coto,contrived/ghz_n60,869d97aa91de98eed025fcd0126f775f6f87ef5210c5e1f11ecec171a3075a2d,60,60,16,0,0.016670,,4657152,20176,10.0,4294967296,ok,
coto,contrived/ghz_n60,869d97aa91de98eed025fcd0126f775f6f87ef5210c5e1f11ecec171a3075a2d,60,60,16,1,0.015187,,4636672,20176,10.0,4294967296,ok,
coto,contrived/ghz_n60,869d97aa91de98eed025fcd0126f775f6f87ef5210c5e1f11ecec171a3075a2d,60,60,16,2,0.016043,,4374528,20176,10.0,4294967296,ok,
aer,contrived/layered_random_n6,a05605f0e4f5a0e1460b1e93c1e78d77a413deb518f38bd4e049fc3ba31596ab,6,34,,0,0.369963,0.02593945799890207,107921408,,10.0,4294967296,ok,
aer,contrived/layered_random_n6,a05605f0e4f5a0e1460b1e93c1e78d77a413deb518f38bd4e049fc3ba31596ab,6,34,,1,0.357358,0.03033018100541085,107835392,,10.0,4294967296,ok,
aer,contrived/layered_random_n6,a05605f0e4f5a0e1460b1e93c1e78d77a413deb518f38bd4e049fc3ba31596ab,6,34,,2,0.364436,0.0268738820013823,107917312,,10.0,4294967296,ok,
mqt_ddsim,contrived/layered_random_n6,a05605f0e4f5a0e1460b1e93c1e78d77a413deb518f38bd4e049fc3ba31596ab,6,34,,0,0.385385,0.04860783999902196,128716800,,10.0,4294967296,ok,
mqt_ddsim,contrived/layered_random_n6,a05605f0e4f5a0e1460b1e93c1e78d77a413deb518f38bd4e049fc3ba31596ab,6,34,,1,0.395874,0.04691471700061811,128282624,,10.0,4294967296,ok,
mqt_ddsim,contrived/layered_random_n6,a05605f0e4f5a0e1460b1e93c1e78d77a413deb518f38bd4e049fc3ba31596ab,6,34,,2,0.386904,0.05049924599734368,128487424,,10.0,4294967296,ok,
coto,contrived/layered_random_n6,a05605f0e4f5a0e1460b1e93c1e78d77a413deb518f38bd4e049fc3ba31596ab,6,34,exact,0,0.010234,,5091328,301104,10.0,4294967296,ok,
coto,contrived/layered_random_n6,a05605f0e4f5a0e1460b1e93c1e78d77a413deb518f38bd4e049fc3ba31596ab,6,34,exact,1,0.012320,,4931584,301104,10.0,4294967296,ok,
coto,contrived/layered_random_n6,a05605f0e4f5a0e1460b1e93c1e78d77a413deb518f38bd4e049fc3ba31596ab,6,34,exact,2,0.012072,,4952064,301104,10.0,4294967296,ok,
coto,contrived/layered_random_n6,a05605f0e4f5a0e1460b1e93c1e78d77a413deb518f38bd4e049fc3ba31596ab,6,34,1,0,0.029764,,5558272,759600,10.0,4294967296,ok,
coto,contrived/layered_random_n6,a05605f0e4f5a0e1460b1e93c1e78d77a413deb518f38bd4e049fc3ba31596ab,6,34,1,1,0.030387,,5660672,759600,10.0,4294967296,ok,
coto,contrived/layered_random_n6,a05605f0e4f5a0e1460b1e93c1e78d77a413deb518f38bd4e049fc3ba31596ab,6,34,1,2,0.031855,,5574656,759600,10.0,4294967296,ok,
coto,contrived/layered_random_n6,a05605f0e4f5a0e1460b1e93c1e78d77a413deb518f38bd4e049fc3ba31596ab,6,34,4,0,0.009106,,5046272,225328,10.0,4294967296,ok,
coto,contrived/layered_random_n6,a05605f0e4f5a0e1460b1e93c1e78d77a413deb518f38bd4e049fc3ba31596ab,6,34,4,1,0.010763,,4796416,225328,10.0,4294967296,ok,
coto,contrived/layered_random_n6,a05605f0e4f5a0e1460b1e93c1e78d77a413deb518f38bd4e049fc3ba31596ab,6,34,4,2,0.008448,,5066752,225328,10.0,4294967296,ok,
coto,contrived/layered_random_n6,a05605f0e4f5a0e1460b1e93c1e78d77a413deb518f38bd4e049fc3ba31596ab,6,34,16,0,0.013671,,5050368,301104,10.0,4294967296,ok,
coto,contrived/layered_random_n6,a05605f0e4f5a0e1460b1e93c1e78d77a413deb518f38bd4e049fc3ba31596ab,6,34,16,1,0.013937,,4947968,301104,10.0,4294967296,ok,
coto,contrived/layered_random_n6,a05605f0e4f5a0e1460b1e93c1e78d77a413deb518f38bd4e049fc3ba31596ab,6,34,16,2,0.015429,,4800512,301104,10.0,4294967296,ok,
aer,contrived/layered_random_n8,42dd190cd0a2b8d7a7292134086a7867fb18bbe1e5b1b2329ac29d046a0bee36,8,46,,0,0.398378,0.030294559997855686,107630592,,10.0,4294967296,ok,
aer,contrived/layered_random_n8,42dd190cd0a2b8d7a7292134086a7867fb18bbe1e5b1b2329ac29d046a0bee36,8,46,,1,0.405277,0.027481791003083345,107868160,,10.0,4294967296,ok,
aer,contrived/layered_random_n8,42dd190cd0a2b8d7a7292134086a7867fb18bbe1e5b1b2329ac29d046a0bee36,8,46,,2,0.383230,0.028771224002412055,107450368,,10.0,4294967296,ok,
mqt_ddsim,contrived/layered_random_n8,42dd190cd0a2b8d7a7292134086a7867fb18bbe1e5b1b2329ac29d046a0bee36,8,46,,0,0.387051,0.04933922999771312,128253952,,10.0,4294967296,ok,
mqt_ddsim,contrived/layered_random_n8,42dd190cd0a2b8d7a7292134086a7867fb18bbe1e5b1b2329ac29d046a0bee36,8,46,,1,0.379135,0.04782657900068443,128167936,,10.0,4294967296,ok,
mqt_ddsim,contrived/layered_random_n8,42dd190cd0a2b8d7a7292134086a7867fb18bbe1e5b1b2329ac29d046a0bee36,8,46,,2,0.405546,0.05698440600099275,128593920,,10.0,4294967296,ok,
coto,contrived/layered_random_n8,42dd190cd0a2b8d7a7292134086a7867fb18bbe1e5b1b2329ac29d046a0bee36,8,46,exact,0,0.252269,,8609792,3143728,10.0,4294967296,ok,
coto,contrived/layered_random_n8,42dd190cd0a2b8d7a7292134086a7867fb18bbe1e5b1b2329ac29d046a0bee36,8,46,exact,1,0.247621,,8544256,3143728,10.0,4294967296,ok,
coto,contrived/layered_random_n8,42dd190cd0a2b8d7a7292134086a7867fb18bbe1e5b1b2329ac29d046a0bee36,8,46,exact,2,0.265305,,8208384,3143728,10.0,4294967296,ok,
coto,contrived/layered_random_n8,42dd190cd0a2b8d7a7292134086a7867fb18bbe1e5b1b2329ac29d046a0bee36,8,46,1,0,4.769189,,19550208,12146480,10.0,4294967296,ok,
coto,contrived/layered_random_n8,42dd190cd0a2b8d7a7292134086a7867fb18bbe1e5b1b2329ac29d046a0bee36,8,46,1,1,4.741894,,19619840,12146480,10.0,4294967296,ok,
coto,contrived/layered_random_n8,42dd190cd0a2b8d7a7292134086a7867fb18bbe1e5b1b2329ac29d046a0bee36,8,46,1,2,4.855137,,19640320,12146480,10.0,4294967296,ok,
coto,contrived/layered_random_n8,42dd190cd0a2b8d7a7292134086a7867fb18bbe1e5b1b2329ac29d046a0bee36,8,46,4,0,0.313909,,8359936,3143728,10.0,4294967296,ok,
coto,contrived/layered_random_n8,42dd190cd0a2b8d7a7292134086a7867fb18bbe1e5b1b2329ac29d046a0bee36,8,46,4,1,0.312342,,8589312,3143728,10.0,4294967296,ok,
coto,contrived/layered_random_n8,42dd190cd0a2b8d7a7292134086a7867fb18bbe1e5b1b2329ac29d046a0bee36,8,46,4,2,0.309952,,8781824,3143728,10.0,4294967296,ok,
coto,contrived/layered_random_n8,42dd190cd0a2b8d7a7292134086a7867fb18bbe1e5b1b2329ac29d046a0bee36,8,46,16,0,0.060690,,6295552,1382448,10.0,4294967296,ok,
coto,contrived/layered_random_n8,42dd190cd0a2b8d7a7292134086a7867fb18bbe1e5b1b2329ac29d046a0bee36,8,46,16,1,0.065062,,6545408,1382448,10.0,4294967296,ok,
coto,contrived/layered_random_n8,42dd190cd0a2b8d7a7292134086a7867fb18bbe1e5b1b2329ac29d046a0bee36,8,46,16,2,0.063570,,6479872,1382448,10.0,4294967296,ok,
aer,contrived/layered_random_n10,1bd9e69a8e5c8ad5aee34974413aaa9d76a12034ef520686325696e0079522a6,10,58,,0,0.368772,0.026435753003170248,107868160,,10.0,4294967296,ok,
aer,contrived/layered_random_n10,1bd9e69a8e5c8ad5aee34974413aaa9d76a12034ef520686325696e0079522a6,10,58,,1,0.362054,0.028450640995288268,108113920,,10.0,4294967296,ok,
aer,contrived/layered_random_n10,1bd9e69a8e5c8ad5aee34974413aaa9d76a12034ef520686325696e0079522a6,10,58,,2,0.381695,0.02761476500018034,107929600,,10.0,4294967296,ok,
mqt_ddsim,contrived/layered_random_n10,1bd9e69a8e5c8ad5aee34974413aaa9d76a12034ef520686325696e0079522a6,10,58,,0,0.383509,0.051582072002929635,128483328,,10.0,4294967296,ok,
mqt_ddsim,contrived/layered_random_n10,1bd9e69a8e5c8ad5aee34974413aaa9d76a12034ef520686325696e0079522a6,10,58,,1,0.420525,0.05182191199855879,128184320,,10.0,4294967296,ok,
mqt_ddsim,contrived/layered_random_n10,1bd9e69a8e5c8ad5aee34974413aaa9d76a12034ef520686325696e0079522a6,10,58,,2,0.371923,0.04710586400324246,128348160,,10.0,4294967296,ok,
coto,contrived/layered_random_n10,1bd9e69a8e5c8ad5aee34974413aaa9d76a12034ef520686325696e0079522a6,10,58,exact,0,10.019971,,,,10.0,4294967296,timeout,exit -9
coto,contrived/layered_random_n10,1bd9e69a8e5c8ad5aee34974413aaa9d76a12034ef520686325696e0079522a6,10,58,exact,1,10.016441,,,,10.0,4294967296,timeout,exit -9
coto,contrived/layered_random_n10,1bd9e69a8e5c8ad5aee34974413aaa9d76a12034ef520686325696e0079522a6,10,58,exact,2,10.019400,,,,10.0,4294967296,timeout,exit -9
coto,contrived/layered_random_n10,1bd9e69a8e5c8ad5aee34974413aaa9d76a12034ef520686325696e0079522a6,10,58,1,0,0.007712,,4698112,2320,10.0,4294967296,ok,
coto,contrived/layered_random_n10,1bd9e69a8e5c8ad5aee34974413aaa9d76a12034ef520686325696e0079522a6,10,58,1,1,0.007530,,4808704,2320,10.0,4294967296,ok,
coto,contrived/layered_random_n10,1bd9e69a8e5c8ad5aee34974413aaa9d76a12034ef520686325696e0079522a6,10,58,1,2,0.005725,,4694016,2320,10.0,4294967296,ok,
coto,contrived/layered_random_n10,1bd9e69a8e5c8ad5aee34974413aaa9d76a12034ef520686325696e0079522a6,10,58,4,0,0.007601,,4612096,2320,10.0,4294967296,ok,
coto,contrived/layered_random_n10,1bd9e69a8e5c8ad5aee34974413aaa9d76a12034ef520686325696e0079522a6,10,58,4,1,0.005513,,4743168,2320,10.0,4294967296,ok,
coto,contrived/layered_random_n10,1bd9e69a8e5c8ad5aee34974413aaa9d76a12034ef520686325696e0079522a6,10,58,4,2,0.006440,,4849664,2320,10.0,4294967296,ok,
coto,contrived/layered_random_n10,1bd9e69a8e5c8ad5aee34974413aaa9d76a12034ef520686325696e0079522a6,10,58,16,0,0.008196,,4718592,2704,10.0,4294967296,ok,
coto,contrived/layered_random_n10,1bd9e69a8e5c8ad5aee34974413aaa9d76a12034ef520686325696e0079522a6,10,58,16,1,0.009604,,4730880,2704,10.0,4294967296,ok,
coto,contrived/layered_random_n10,1bd9e69a8e5c8ad5aee34974413aaa9d76a12034ef520686325696e0079522a6,10,58,16,2,0.007821,,4804608,2704,10.0,4294967296,ok,
aer,contrived/layered_random_n12,af6b12076a1bbec1f967c39f5e391a03f938f16789aef4666ea0c36a10b3e9b2,12,70,,0,0.367884,0.02862397900025826,108216320,,10.0,4294967296,ok,
aer,contrived/layered_random_n12,af6b12076a1bbec1f967c39f5e391a03f938f16789aef4666ea0c36a10b3e9b2,12,70,,1,0.375781,0.028018444994813763,108040192,,10.0,4294967296,ok,
aer,contrived/layered_random_n12,af6b12076a1bbec1f967c39f5e391a03f938f16789aef4666ea0c36a10b3e9b2,12,70,,2,0.398912,0.029178459000831936,107819008,,10.0,4294967296,ok,
mqt_ddsim,contrived/layered_random_n12,af6b12076a1bbec1f967c39f5e391a03f938f16789aef4666ea0c36a10b3e9b2,12,70,,0,0.388130,0.052281387004768476,128815104,,10.0,4294967296,ok,
mqt_ddsim,contrived/layered_random_n12,af6b12076a1bbec1f967c39f5e391a03f938f16789aef4666ea0c36a10b3e9b2,12,70,,1,0.384575,0.045279744001163635,128532480,,10.0,4294967296,ok,
mqt_ddsim,contrived/layered_random_n12,af6b12076a1bbec1f967c39f5e391a03f938f16789aef4666ea0c36a10b3e9b2,12,70,,2,0.374389,0.04927270999905886,128684032,,10.0,4294967296,ok,
coto,contrived/layered_random_n12,af6b12076a1bbec1f967c39f5e391a03f938f16789aef4666ea0c36a10b3e9b2,12,70,exact,0,10.021771,,,,10.0,4294967296,timeout,exit -9
coto,contrived/layered_random_n12,af6b12076a1bbec1f967c39f5e391a03f938f16789aef4666ea0c36a10b3e9b2,12,70,exact,1,10.023163,,,,10.0,4294967296,timeout,exit -9
coto,contrived/layered_random_n12,af6b12076a1bbec1f967c39f5e391a03f938f16789aef4666ea0c36a10b3e9b2,12,70,exact,2,10.020510,,,,10.0,4294967296,timeout,exit -9
coto,contrived/layered_random_n12,af6b12076a1bbec1f967c39f5e391a03f938f16789aef4666ea0c36a10b3e9b2,12,70,1,0,0.007701,,4698112,2736,10.0,4294967296,ok,
coto,contrived/layered_random_n12,af6b12076a1bbec1f967c39f5e391a03f938f16789aef4666ea0c36a10b3e9b2,12,70,1,1,0.008283,,4775936,2736,10.0,4294967296,ok,
coto,contrived/layered_random_n12,af6b12076a1bbec1f967c39f5e391a03f938f16789aef4666ea0c36a10b3e9b2,12,70,1,2,0.006290,,4612096,2736,10.0,4294967296,ok,
coto,contrived/layered_random_n12,af6b12076a1bbec1f967c39f5e391a03f938f16789aef4666ea0c36a10b3e9b2,12,70,4,0,0.008514,,4698112,2864,10.0,4294967296,ok,
coto,contrived/layered_random_n12,af6b12076a1bbec1f967c39f5e391a03f938f16789aef4666ea0c36a10b3e9b2,12,70,4,1,0.005735,,4837376,2864,10.0,4294967296,ok,
coto,contrived/layered_random_n12,af6b12076a1bbec1f967c39f5e391a03f938f16789aef4666ea0c36a10b3e9b2,12,70,4,2,0.007791,,4820992,2864,10.0,4294967296,ok,
coto,contrived/layered_random_n12,af6b12076a1bbec1f967c39f5e391a03f938f16789aef4666ea0c36a10b3e9b2,12,70,16,0,0.006606,,4657152,3120,10.0,4294967296,ok,
coto,contrived/layered_random_n12,af6b12076a1bbec1f967c39f5e391a03f938f16789aef4666ea0c36a10b3e9b2,12,70,16,1,0.009101,,4841472,3120,10.0,4294967296,ok,
coto,contrived/layered_random_n12,af6b12076a1bbec1f967c39f5e391a03f938f16789aef4666ea0c36a10b3e9b2,12,70,16,2,0.007364,,4513792,3120,10.0,4294967296,ok,
aer,small/adder_n4,30f0be9eb50d37ab2de7c87676e32ff7c66bc67eff32dfeafa0cf69951d92438,4,23,,0,0.370827,0.028107483994972426,107929600,,10.0,4294967296,ok,
aer,small/adder_n4,30f0be9eb50d37ab2de7c87676e32ff7c66bc67eff32dfeafa0cf69951d92438,4,23,,1,0.370040,0.02759099900140427,107606016,,10.0,4294967296,ok,
aer,small/adder_n4,30f0be9eb50d37ab2de7c87676e32ff7c66bc67eff32dfeafa0cf69951d92438,4,23,,2,0.383483,0.02925799900549464,107425792,,10.0,4294967296,ok,
mqt_ddsim,small/adder_n4,30f0be9eb50d37ab2de7c87676e32ff7c66bc67eff32dfeafa0cf69951d92438,4,23,,0,0.388248,0.047598570003174245,128368640,,10.0,4294967296,ok,
mqt_ddsim,small/adder_n4,30f0be9eb50d37ab2de7c87676e32ff7c66bc67eff32dfeafa0cf69951d92438,4,23,,1,0.373245,0.044106652996561024,128221184,,10.0,4294967296,ok,
mqt_ddsim,small/adder_n4,30f0be9eb50d37ab2de7c87676e32ff7c66bc67eff32dfeafa0cf69951d92438,4,23,,2,0.382571,0.046889737001038156,128147456,,10.0,4294967296,ok,
coto,small/adder_n4,30f0be9eb50d37ab2de7c87676e32ff7c66bc67eff32dfeafa0cf69951d92438,4,23,exact,0,0.006536,,4685824,6480,10.0,4294967296,ok,
coto,small/adder_n4,30f0be9eb50d37ab2de7c87676e32ff7c66bc67eff32dfeafa0cf69951d92438,4,23,exact,1,0.007790,,4624384,6480,10.0,4294967296,ok,
coto,small/adder_n4,30f0be9eb50d37ab2de7c87676e32ff7c66bc67eff32dfeafa0cf69951d92438,4,23,exact,2,0.006432,,4710400,6480,10.0,4294967296,ok,
coto,small/adder_n4,30f0be9eb50d37ab2de7c87676e32ff7c66bc67eff32dfeafa0cf69951d92438,4,23,1,0,0.004887,,4698112,10512,10.0,4294967296,ok,
coto,small/adder_n4,30f0be9eb50d37ab2de7c87676e32ff7c66bc67eff32dfeafa0cf69951d92438,4,23,1,1,0.007757,,4624384,10512,10.0,4294967296,ok,
coto,small/adder_n4,30f0be9eb50d37ab2de7c87676e32ff7c66bc67eff32dfeafa0cf69951d92438,4,23,1,2,0.005686,,4841472,10512,10.0,4294967296,ok,
coto,small/adder_n4,30f0be9eb50d37ab2de7c87676e32ff7c66bc67eff32dfeafa0cf69951d92438,4,23,4,0,0.007506,,4579328,3136,10.0,4294967296,ok,
coto,small/adder_n4,30f0be9eb50d37ab2de7c87676e32ff7c66bc67eff32dfeafa0cf69951d92438,4,23,4,1,0.006406,,4681728,3136,10.0,4294967296,ok,
coto,small/adder_n4,30f0be9eb50d37ab2de7c87676e32ff7c66bc67eff32dfeafa0cf69951d92438,4,23,4,2,0.007973,,4677632,3136,10.0,4294967296,ok,
coto,small/adder_n4,30f0be9eb50d37ab2de7c87676e32ff7c66bc67eff32dfeafa0cf69951d92438,4,23,16,0,0.006870,,4661248,6480,10.0,4294967296,ok,
coto,small/adder_n4,30f0be9eb50d37ab2de7c87676e32ff7c66bc67eff32dfeafa0cf69951d92438,4,23,16,1,0.007897,,4698112,6480,10.0,4294967296,ok,
coto,small/adder_n4,30f0be9eb50d37ab2de7c87676e32ff7c66bc67eff32dfeafa0cf69951d92438,4,23,16,2,0.005865,,4567040,6480,10.0,4294967296,ok,
aer,small/iswap_n2,0c6d4dffaeb32c5758511cb51d5f89bcb6c97f3f60c1f5e3cbbeabb53c53ed50,2,9,,0,0.383035,0.02731197699904442,107704320,,10.0,4294967296,ok,
aer,small/iswap_n2,0c6d4dffaeb32c5758511cb51d5f89bcb6c97f3f60c1f5e3cbbeabb53c53ed50,2,9,,1,0.366570,0.029532269996707328,107868160,,10.0,4294967296,ok,
aer,small/iswap_n2,0c6d4dffaeb32c5758511cb51d5f89bcb6c97f3f60c1f5e3cbbeabb53c53ed50,2,9,,2,0.377994,0.026400113994895946,107458560,,10.0,4294967296,ok,
mqt_ddsim,small/iswap_n2,0c6d4dffaeb32c5758511cb51d5f89bcb6c97f3f60c1f5e3cbbeabb53c53ed50,2,9,,0,0.422193,0.043167480995180085,128421888,,10.0,4294967296,ok,
mqt_ddsim,small/iswap_n2,0c6d4dffaeb32c5758511cb51d5f89bcb6c97f3f60c1f5e3cbbeabb53c53ed50,2,9,,1,0.389595,0.051234147998911794,128557056,,10.0,4294967296,ok,
mqt_ddsim,small/iswap_n2,0c6d4dffaeb32c5758511cb51d5f89bcb6c97f3f60c1f5e3cbbeabb53c53ed50,2,9,,2,0.369263,0.04707970700110309,128114688,,10.0,4294967296,ok,
coto,small/iswap_n2,0c6d4dffaeb32c5758511cb51d5f89bcb6c97f3f60c1f5e3cbbeabb53c53ed50,2,9,exact,0,0.005735,,4374528,1456,10.0,4294967296,ok,
coto,small/iswap_n2,0c6d4dffaeb32c5758511cb51d5f89bcb6c97f3f60c1f5e3cbbeabb53c53ed50,2,9,exact,1,0.007612,,4390912,1456,10.0,4294967296,ok,
coto,small/iswap_n2,0c6d4dffaeb32c5758511cb51d5f89bcb6c97f3f60c1f5e3cbbeabb53c53ed50,2,9,exact,2,0.005743,,4321280,1456,10.0,4294967296,ok,
coto,small/iswap_n2,0c6d4dffaeb32c5758511cb51d5f89bcb6c97f3f60c1f5e3cbbeabb53c53ed50,2,9,1,0,0.005498,,4308992,1776,10.0,4294967296,ok,
coto,small/iswap_n2,0c6d4dffaeb32c5758511cb51d5f89bcb6c97f3f60c1f5e3cbbeabb53c53ed50,2,9,1,1,0.007331,,4218880,1776,10.0,4294967296,ok,
coto,small/iswap_n2,0c6d4dffaeb32c5758511cb51d5f89bcb6c97f3f60c1f5e3cbbeabb53c53ed50,2,9,1,2,0.006135,,4435968,1776,10.0,4294967296,ok,
coto,small/iswap_n2,0c6d4dffaeb32c5758511cb51d5f89bcb6c97f3f60c1f5e3cbbeabb53c53ed50,2,9,4,0,0.007402,,4395008,1456,10.0,4294967296,ok,
coto,small/iswap_n2,0c6d4dffaeb32c5758511cb51d5f89bcb6c97f3f60c1f5e3cbbeabb53c53ed50,2,9,4,1,0.005774,,4481024,1456,10.0,4294967296,ok,
coto,small/iswap_n2,0c6d4dffaeb32c5758511cb51d5f89bcb6c97f3f60c1f5e3cbbeabb53c53ed50,2,9,4,2,0.006154,,4452352,1456,10.0,4294967296,ok,
coto,small/iswap_n2,0c6d4dffaeb32c5758511cb51d5f89bcb6c97f3f60c1f5e3cbbeabb53c53ed50,2,9,16,0,0.007789,,4354048,1456,10.0,4294967296,ok,
coto,small/iswap_n2,0c6d4dffaeb32c5758511cb51d5f89bcb6c97f3f60c1f5e3cbbeabb53c53ed50,2,9,16,1,0.006209,,4489216,1456,10.0,4294967296,ok,
coto,small/iswap_n2,0c6d4dffaeb32c5758511cb51d5f89bcb6c97f3f60c1f5e3cbbeabb53c53ed50,2,9,16,2,0.008329,,4481024,1456,10.0,4294967296,ok,
aer,small/lpn_n5,4216e9b4fdf9f22e6ae4f92a67aac8c634209093db4e3f0290f5413165b4de87,5,11,,0,0.387571,0.028783070003555622,107528192,,10.0,4294967296,ok,
aer,small/lpn_n5,4216e9b4fdf9f22e6ae4f92a67aac8c634209093db4e3f0290f5413165b4de87,5,11,,1,0.382279,0.02548825000121724,107704320,,10.0,4294967296,ok,
aer,small/lpn_n5,4216e9b4fdf9f22e6ae4f92a67aac8c634209093db4e3f0290f5413165b4de87,5,11,,2,0.382235,0.02429499099525856,107790336,,10.0,4294967296,ok,
mqt_ddsim,small/lpn_n5,4216e9b4fdf9f22e6ae4f92a67aac8c634209093db4e3f0290f5413165b4de87,5,11,,0,0.395406,0.04766743200161727,128131072,,10.0,4294967296,ok,
mqt_ddsim,small/lpn_n5,4216e9b4fdf9f22e6ae4f92a67aac8c634209093db4e3f0290f5413165b4de87,5,11,,1,0.390500,0.048502118996111676,128417792,,10.0,4294967296,ok,
mqt_ddsim,small/lpn_n5,4216e9b4fdf9f22e6ae4f92a67aac8c634209093db4e3f0290f5413165b4de87,5,11,,2,0.388072,0.04693010399932973,128401408,,10.0,4294967296,ok,
coto,small/lpn_n5,4216e9b4fdf9f22e6ae4f92a67aac8c634209093db4e3f0290f5413165b4de87,5,11,exact,0,0.007855,,4485120,8720,10.0,4294967296,ok,
coto,small/lpn_n5,4216e9b4fdf9f22e6ae4f92a67aac8c634209093db4e3f0290f5413165b4de87,5,11,exact,1,0.007922,,4509696,8720,10.0,4294967296,ok,
coto,small/lpn_n5,4216e9b4fdf9f22e6ae4f92a67aac8c634209093db4e3f0290f5413165b4de87,5,11,exact,2,0.006180,,4374528,8720,10.0,4294967296,ok,
coto,small/lpn_n5,4216e9b4fdf9f22e6ae4f92a67aac8c634209093db4e3f0290f5413165b4de87,5,11,1,0,0.006179,,4567040,9360,10.0,4294967296,ok,
coto,small/lpn_n5,4216e9b4fdf9f22e6ae4f92a67aac8c634209093db4e3f0290f5413165b4de87,5,11,1,1,0.007839,,4481024,9360,10.0,4294967296,ok,
coto,small/lpn_n5,4216e9b4fdf9f22e6ae4f92a67aac8c634209093db4e3f0290f5413165b4de87,5,11,1,2,0.006676,,4366336,9360,10.0,4294967296,ok,
coto,small/lpn_n5,4216e9b4fdf9f22e6ae4f92a67aac8c634209093db4e3f0290f5413165b4de87,5,11,4,0,0.007033,,4571136,6384,10.0,4294967296,ok,
coto,small/lpn_n5,4216e9b4fdf9f22e6ae4f92a67aac8c634209093db4e3f0290f5413165b4de87,5,11,4,1,0.006224,,4583424,6384,10.0,4294967296,ok,
coto,small/lpn_n5,4216e9b4fdf9f22e6ae4f92a67aac8c634209093db4e3f0290f5413165b4de87,5,11,4,2,0.008378,,4419584,6384,10.0,4294967296,ok,
coto,small/lpn_n5,4216e9b4fdf9f22e6ae4f92a67aac8c634209093db4e3f0290f5413165b4de87,5,11,16,0,0.005979,,4497408,8720,10.0,4294967296,ok,
coto,small/lpn_n5,4216e9b4fdf9f22e6ae4f92a67aac8c634209093db4e3f0290f5413165b4de87,5,11,16,1,0.008749,,4374528,8720,10.0,4294967296,ok,
coto,small/lpn_n5,4216e9b4fdf9f22e6ae4f92a67aac8c634209093db4e3f0290f5413165b4de87,5,11,16,2,0.007607,,4419584,8720,10.0,4294967296,ok,
aer,small/qaoa_n3,4dc17a12b187cc3cf02962cf023a36de4cc48ed3923343ab9ef84e3daf89f5c7,3,15,,0,0.389940,0.024287867003295105,107802624,,10.0,4294967296,ok,
aer,small/qaoa_n3,4dc17a12b187cc3cf02962cf023a36de4cc48ed3923343ab9ef84e3daf89f5c7,3,15,,1,0.373704,0.026322936995711643,107626496,,10.0,4294967296,ok,
aer,small/qaoa_n3,4dc17a12b187cc3cf02962cf023a36de4cc48ed3923343ab9ef84e3daf89f5c7,3,15,,2,0.377794,0.024613191999378614,107745280,,10.0,4294967296,ok,
mqt_ddsim,small/qaoa_n3,4dc17a12b187cc3cf02962cf023a36de4cc48ed3923343ab9ef84e3daf89f5c7,3,15,,0,0.382752,0.04493421399820363,128618496,,10.0,4294967296,ok,
mqt_ddsim,small/qaoa_n3,4dc17a12b187cc3cf02962cf023a36de4cc48ed3923343ab9ef84e3daf89f5c7,3,15,,1,0.377576,0.04846056200040039,128430080,,10.0,4294967296,ok,
mqt_ddsim,small/qaoa_n3,4dc17a12b187cc3cf02962cf023a36de4cc48ed3923343ab9ef84e3daf89f5c7,3,15,,2,0.377512,0.04682443100318778,128610304,,10.0,4294967296,ok,
coto,small/qaoa_n3,4dc17a12b187cc3cf02962cf023a36de4cc48ed3923343ab9ef84e3daf89f5c7,3,15,exact,0,0.010445,,4837376,14736,10.0,4294967296,ok,
coto,small/qaoa_n3,4dc17a12b187cc3cf02962cf023a36de4cc48ed3923343ab9ef84e3daf89f5c7,3,15,exact,1,0.006296,,4861952,14736,10.0,4294967296,ok,
coto,small/qaoa_n3,4dc17a12b187cc3cf02962cf023a36de4cc48ed3923343ab9ef84e3daf89f5c7,3,15,exact,2,0.007605,,4829184,14736,10.0,4294967296,ok,
coto,small/qaoa_n3,4dc17a12b187cc3cf02962cf023a36de4cc48ed3923343ab9ef84e3daf89f5c7,3,15,1,0,0.006084,,4681728,4752,10.0,4294967296,ok,
coto,small/qaoa_n3,4dc17a12b187cc3cf02962cf023a36de4cc48ed3923343ab9ef84e3daf89f5c7,3,15,1,1,0.007694,,4644864,4752,10.0,4294967296,ok,
coto,small/qaoa_n3,4dc17a12b187cc3cf02962cf023a36de4cc48ed3923343ab9ef84e3daf89f5c7,3,15,1,2,0.005878,,4587520,4752,10.0,4294967296,ok,
coto,small/qaoa_n3,4dc17a12b187cc3cf02962cf023a36de4cc48ed3923343ab9ef84e3daf89f5c7,3,15,4,0,0.008030,,4698112,15344,10.0,4294967296,ok,
coto,small/qaoa_n3,4dc17a12b187cc3cf02962cf023a36de4cc48ed3923343ab9ef84e3daf89f5c7,3,15,4,1,0.006541,,4820992,15344,10.0,4294967296,ok,
coto,small/qaoa_n3,4dc17a12b187cc3cf02962cf023a36de4cc48ed3923343ab9ef84e3daf89f5c7,3,15,4,2,0.006047,,4464640,15344,10.0,4294967296,ok,
coto,small/qaoa_n3,4dc17a12b187cc3cf02962cf023a36de4cc48ed3923343ab9ef84e3daf89f5c7,3,15,16,0,0.010560,,4657152,14896,10.0,4294967296,ok,
coto,small/qaoa_n3,4dc17a12b187cc3cf02962cf023a36de4cc48ed3923343ab9ef84e3daf89f5c7,3,15,16,1,0.010184,,4829184,14896,10.0,4294967296,ok,
coto,small/qaoa_n3,4dc17a12b187cc3cf02962cf023a36de4cc48ed3923343ab9ef84e3daf89f5c7,3,15,16,2,0.009028,,4759552,14896,10.0,4294967296,ok,
